{
  "afhq": {
    "FID": 105.86430488890782,
    "Recall": 0.024401913875598084,
    "CLIP": 27.436424255371094,
    "num_generated": 15000,
    "num_real": 14630
  },
  "celeba_hq": {
    "FID": 143.14094437210815,
    "Recall": 0.025785714285714287,
    "CLIP": 25.498769760131836,
    "num_generated": 28000,
    "num_real": 28000
  }
}