{
  "afhq": {
    "FID": 108.86090419452347,
    "Recall": 0.019070403280929595,
    "CLIP": 27.438570022583008,
    "num_generated": 15000,
    "num_real": 14630
  },
  "celeba_hq": {
    "FID": 144.972908096451,
    "Recall": 0.0255,
    "CLIP": 25.144155502319336,
    "num_generated": 28000,
    "num_real": 28000
  }
}