{
  "afhq": {
    "FID": 103.1969402536786,
    "Recall": 0.007040328092959672,
    "CLIP": 27.22657585144043,
    "num_generated": 15000,
    "num_real": 14630
  },
  "celeba_hq": {
    "FID": 131.30361699181054,
    "Recall": 0.0003928571428571429,
    "CLIP": 24.717546463012695,
    "num_generated": 28000,
    "num_real": 28000
  }
}