{
  "afhq": {
    "FID": 87.12337663169507,
    "Recall": 0.09644565960355433,
    "CLIP": 27.114078521728516,
    "num_generated": 15000,
    "num_real": 14630
  },
  "celeba_hq": {
    "FID": 115.75475443903736,
    "Recall": 0.047214285714285716,
    "CLIP": 25.264244079589844,
    "num_generated": 28000,
    "num_real": 28000
  }
}